이름,나이,주소
aaa, 12, seoul
bbb, 23, tokyo
ccc, 11, london
aaa, 12, seoul
bbb, 23, tokyo
ccc, 11, london
aaa, 12, seoul
bbb, 23, tokyo
ccc, 11, london
aaa, 12, seoul
bbb, 23, tokyo
ccc, 11, london
aaa, 12, seoul
bbb, 23, tokyo
ccc, 11, london
aaa, 12, seoul
bbb, 23, tokyo
ccc, 11, london
aaa, 12, seoul
bbb, 23, tokyo
ccc, 11, london
aaa, 12, seoul
bbb, 23, tokyo
ccc, 11, london
aaa, 12, seoul
bbb, 23, tokyo
ccc, 11, london
aaa, 12, seoul
bbb, 23, tokyo
ccc, 11, london
aaa, 12, seoul
bbb, 23, tokyo
ccc, 11, london
aaa, 12, seoul
bbb, 23, tokyo
ccc, 11, london
aaa, 12, seoul
bbb, 23, tokyo
ccc, 11, london
aaa, 12, seoul
bbb, 23, tokyo
ccc, 11, london
aaa, 12, seoul
bbb, 23, tokyo
ccc, 11, london
aaa, 12, seoul
bbb, 23, tokyo
ccc, 11, london
aaa, 12, seoul
bbb, 23, tokyo
ccc, 11, london
aaa, 12, seoul
bbb, 23, tokyo
ccc, 11, london
aaa, 12, seoul
bbb, 23, tokyo
ccc, 11, london
aaa, 12, seoul
bbb, 23, tokyo
ccc, 11, london
aaa, 12, seoul
bbb, 23, tokyo
ccc, 11, london
aaa, 12, seoul
bbb, 23, tokyo
ccc, 11, london
aaa, 12, seoul
bbb, 23, tokyo
ccc, 11, london
aaa, 12, seoul
bbb, 23, tokyo
ccc, 11, london
aaa, 12, seoul
bbb, 23, tokyo
ccc, 11, london
aaa, 12, seoul
bbb, 23, tokyo
ccc, 11, london
aaa, 12, seoul
bbb, 23, tokyo
ccc, 11, london
aaa, 12, seoul
bbb, 23, tokyo
ccc, 11, london
aaa, 12, seoul
bbb, 23, tokyo
ccc, 11, london
aaa, 12, seoul
bbb, 23, tokyo
ccc, 11, london
aaa, 12, seoul
bbb, 23, tokyo
ccc, 11, london
aaa, 12, seoul
bbb, 23, tokyo
ccc, 11, london
aaa, 12, seoul
bbb, 23, tokyo
ccc, 11, london
ccc, 11, london